[{"create-time":1603234467055,"title":"paper template",":create/user":{":user/uid":"mY4SZmO6SuWgbpytfKCUUP3MpxW2"},"children":[{"string":"TITLE","create-time":1603230668000,"uid":"nMYNRTvC6","edit-time":1603234467081,":create/user":{":user/uid":"mY4SZmO6SuWgbpytfKCUUP3MpxW2"},":edit/user":{":user/uid":"mY4SZmO6SuWgbpytfKCUUP3MpxW2"}},{"string":"Abstract:","create-time":1603230668000,":create/user":{":user/uid":"mY4SZmO6SuWgbpytfKCUUP3MpxW2"},"children":[{"string":"","create-time":1603230668000,"uid":"ICFpFMmY1","edit-time":1603234467081,":create/user":{":user/uid":"mY4SZmO6SuWgbpytfKCUUP3MpxW2"},":edit/user":{":user/uid":"mY4SZmO6SuWgbpytfKCUUP3MpxW2"}}],"uid":"MfBeXa_fC","edit-time":1603234467081,":edit/user":{":user/uid":"mY4SZmO6SuWgbpytfKCUUP3MpxW2"}},{"string":"Reference:","create-time":1603230668000,":create/user":{":user/uid":"mY4SZmO6SuWgbpytfKCUUP3MpxW2"},"children":[{"string":"Authors:","create-time":1603230668000,":create/user":{":user/uid":"mY4SZmO6SuWgbpytfKCUUP3MpxW2"},"children":[{"string":"","create-time":1603230668000,"uid":"Xk-wIK2Ci","edit-time":1603234467082,":create/user":{":user/uid":"mY4SZmO6SuWgbpytfKCUUP3MpxW2"},":edit/user":{":user/uid":"mY4SZmO6SuWgbpytfKCUUP3MpxW2"}}],"uid":"BnmXY3mcV","edit-time":1603234467082,":edit/user":{":user/uid":"mY4SZmO6SuWgbpytfKCUUP3MpxW2"}},{"string":"Journal:","create-time":1603230668000,"uid":"0We3MJhpD","edit-time":1603234467082,":create/user":{":user/uid":"mY4SZmO6SuWgbpytfKCUUP3MpxW2"},":edit/user":{":user/uid":"mY4SZmO6SuWgbpytfKCUUP3MpxW2"}},{"string":"url: https://doi.org/","create-time":1603230668000,"uid":"HZ_ALyh4h","edit-time":1603234467082,":create/user":{":user/uid":"mY4SZmO6SuWgbpytfKCUUP3MpxW2"},":edit/user":{":user/uid":"mY4SZmO6SuWgbpytfKCUUP3MpxW2"}}],"uid":"uce6pu9qV","edit-time":1603234467081,":edit/user":{":user/uid":"mY4SZmO6SuWgbpytfKCUUP3MpxW2"}},{"string":"Notes:","create-time":1603230668000,"uid":"zzszWfNFJ","edit-time":1603234467083,":create/user":{":user/uid":"mY4SZmO6SuWgbpytfKCUUP3MpxW2"},":edit/user":{":user/uid":"mY4SZmO6SuWgbpytfKCUUP3MpxW2"}},{"string":"Summary:","create-time":1603230668000,"uid":"2QpEPGbyN","edit-time":1603234467084,":create/user":{":user/uid":"mY4SZmO6SuWgbpytfKCUUP3MpxW2"},":edit/user":{":user/uid":"mY4SZmO6SuWgbpytfKCUUP3MpxW2"}},{"string":"Concepts:","create-time":1603230668000,"uid":"HEYmWPvVy","edit-time":1603234467084,":create/user":{":user/uid":"mY4SZmO6SuWgbpytfKCUUP3MpxW2"},":edit/user":{":user/uid":"mY4SZmO6SuWgbpytfKCUUP3MpxW2"}},{"string":"Keywords:","create-time":1603230668000,"uid":"RD0LCX07P","edit-time":1603234467084,":create/user":{":user/uid":"mY4SZmO6SuWgbpytfKCUUP3MpxW2"},":edit/user":{":user/uid":"mY4SZmO6SuWgbpytfKCUUP3MpxW2"}}],"uid":"7cS1jxobS","edit-time":1603234467138,":edit/user":{":user/uid":"mY4SZmO6SuWgbpytfKCUUP3MpxW2"}}]